{"cameraMode":{"drawMode":0,"name":"Shaded","section":"Shading Mode"},"sceneLighting":true,"audioPlay":false,"sceneViewState":{"showFog":true,"showMaterialUpdate":false,"showSkybox":true,"showFlares":true,"showImageEffects":true,"showParticleSystems":true},"in2DMode":false,"pivot":{"x":272.76190185546877,"y":196.56967163085938,"z":141.22634887695313},"rotation":{"x":-0.061650149524211887,"y":-0.062243279069662097,"z":0.0038521529641002418,"w":-0.9961481690406799},"size":298.2414855957031,"orthographic":false}